,preco_total,quantidade,ano,mes
preco_total,1.0,0.6424480036278811,0.003620588632895334,-0.020523103392279075
quantidade,0.6424480036278811,1.0,0.014030901037743529,-0.017215531455901018
ano,0.003620588632895334,0.014030901037743529,1.0,-0.6811864144410671
mes,-0.020523103392279075,-0.017215531455901018,-0.6811864144410671,1.0
